case_id,control_id,mahalanobis_distance
OAS2_0007,OAS2_0124,0.07342595299153874
OAS2_0007,OAS2_0113,0.07342595299153874
OAS2_0007,OAS2_0172,0.03671297649576937
OAS2_0014,OAS2_0112,0.03671297649576937
OAS2_0046,OAS2_0099,0.0
OAS2_0079,OAS2_0182,0.07342595299153874
OAS2_0114,OAS2_0058,0.07342595299153874
OAS2_0160,OAS2_0140,0.0
OAS2_0181,OAS2_0075,0.03671297649576937
OAS2_0184,OAS2_0175,0.03671297649576937
